source_file,source_sha256,trno,hwam_kg_ha,normalized_yield
BRPI0202.MZA,7290aa7086bb99418352f7c8eb54bab0010e4b8bc7b99a87a20dcfe3dce5f444,1,4044.0,0.32771474878444085
BRPI0202.MZA,7290aa7086bb99418352f7c8eb54bab0010e4b8bc7b99a87a20dcfe3dce5f444,2,3823.0,0.309805510534846
BRPI0202.MZA,7290aa7086bb99418352f7c8eb54bab0010e4b8bc7b99a87a20dcfe3dce5f444,3,4109.0,0.33298217179902756
BRPI0202.MZA,7290aa7086bb99418352f7c8eb54bab0010e4b8bc7b99a87a20dcfe3dce5f444,4,4859.0,0.3937601296596434
BRPI0202.MZA,7290aa7086bb99418352f7c8eb54bab0010e4b8bc7b99a87a20dcfe3dce5f444,5,4986.0,0.4040518638573744
BRPI0202.MZA,7290aa7086bb99418352f7c8eb54bab0010e4b8bc7b99a87a20dcfe3dce5f444,6,5139.0,0.41645056726094004
BRPI0202.MZA,7290aa7086bb99418352f7c8eb54bab0010e4b8bc7b99a87a20dcfe3dce5f444,7,5047.0,0.40899513776337115
BRPI0202.MZA,7290aa7086bb99418352f7c8eb54bab0010e4b8bc7b99a87a20dcfe3dce5f444,8,5306.0,0.4299837925445705
EBPL8501.MZA,572585530ad42b0a8ea90715af4fbf7f05ab09db94a066e650f7671caaaebdd1,1,4648.0,0.3766612641815235
EBPL8501.MZA,572585530ad42b0a8ea90715af4fbf7f05ab09db94a066e650f7671caaaebdd1,2,6795.0,0.5506482982171799
FLSC8101.MZA,1aa22571dee5318db5f9ae69b42fbaaa54fa430296310dc965effb077ed84728,1,9760.0,0.7909238249594813
IBWA8301.MZA,9c00471b872a49f278495a009a52022f21b85d3925c1edd105239c356b185f3d,1,2527.0,0.20478119935170178
IBWA8301.MZA,9c00471b872a49f278495a009a52022f21b85d3925c1edd105239c356b185f3d,2,5124.0,0.4152350081037277
IBWA8301.MZA,9c00471b872a49f278495a009a52022f21b85d3925c1edd105239c356b185f3d,3,6489.0,0.5258508914100486
IBWA8301.MZA,9c00471b872a49f278495a009a52022f21b85d3925c1edd105239c356b185f3d,4,2136.0,0.17309562398703404
IBWA8301.MZA,9c00471b872a49f278495a009a52022f21b85d3925c1edd105239c356b185f3d,5,4458.0,0.3612641815235008
IBWA8301.MZA,9c00471b872a49f278495a009a52022f21b85d3925c1edd105239c356b185f3d,6,6758.0,0.5476499189627229
IUAF9901.MZA,0efeae163cff0b094f817cd26cb261670c4d4ba6324c5cf5240b47824e830ded,1,5551.0,0.449837925445705
IUAF9901.MZA,0efeae163cff0b094f817cd26cb261670c4d4ba6324c5cf5240b47824e830ded,2,8442.0,0.6841166936790923
IUAF9901.MZA,0efeae163cff0b094f817cd26cb261670c4d4ba6324c5cf5240b47824e830ded,3,5669.0,0.4594003241491086
IUAF9901.MZA,0efeae163cff0b094f817cd26cb261670c4d4ba6324c5cf5240b47824e830ded,4,10350.0,0.8387358184764991
SIAZ9501.MZA,664c831fda375b87baab2a770150e0903f762af842eb3e661f93580d2c2ba0d1,1,10960.0,0.8881685575364667
SIAZ9501.MZA,664c831fda375b87baab2a770150e0903f762af842eb3e661f93580d2c2ba0d1,2,7560.0,0.6126418152350082
SIAZ9501.MZA,664c831fda375b87baab2a770150e0903f762af842eb3e661f93580d2c2ba0d1,3,1030.0,0.08346839546191248
SIAZ9501.MZA,664c831fda375b87baab2a770150e0903f762af842eb3e661f93580d2c2ba0d1,4,6630.0,0.5372771474878444
SIAZ9501.MZA,664c831fda375b87baab2a770150e0903f762af842eb3e661f93580d2c2ba0d1,5,9390.0,0.7609400324149108
SIAZ9501.MZA,664c831fda375b87baab2a770150e0903f762af842eb3e661f93580d2c2ba0d1,6,8610.0,0.6977309562398704
SIAZ9501.MZA,664c831fda375b87baab2a770150e0903f762af842eb3e661f93580d2c2ba0d1,7,6260.0,0.5072933549432739
SIAZ9501.MZA,664c831fda375b87baab2a770150e0903f762af842eb3e661f93580d2c2ba0d1,8,10100.0,0.8184764991896273
SIAZ9601.MZA,8ff454c2693e760f126da2412003d7d1b3246c15af935688bc0cc52c02769037,1,12340.0,1.0
SIAZ9601.MZA,8ff454c2693e760f126da2412003d7d1b3246c15af935688bc0cc52c02769037,2,9030.0,0.7317666126418152
SIAZ9601.MZA,8ff454c2693e760f126da2412003d7d1b3246c15af935688bc0cc52c02769037,3,5620.0,0.4554294975688817
SIAZ9601.MZA,8ff454c2693e760f126da2412003d7d1b3246c15af935688bc0cc52c02769037,4,10740.0,0.8703403565640194
SIAZ9601.MZA,8ff454c2693e760f126da2412003d7d1b3246c15af935688bc0cc52c02769037,5,7370.0,0.5972447325769854
SIAZ9601.MZA,8ff454c2693e760f126da2412003d7d1b3246c15af935688bc0cc52c02769037,6,10760.0,0.8719611021069692
SIAZ9601.MZA,8ff454c2693e760f126da2412003d7d1b3246c15af935688bc0cc52c02769037,7,5830.0,0.47244732576985415
SIAZ9601.MZA,8ff454c2693e760f126da2412003d7d1b3246c15af935688bc0cc52c02769037,8,9700.0,0.7860615883306321
SIAZ9601.MZA,8ff454c2693e760f126da2412003d7d1b3246c15af935688bc0cc52c02769037,9,11100.0,0.899513776337115
UFGA8201.MZA,a7133d0ca7db74136af183d5ed19d998902b11013273410cdd7cff95696279c3,1,2929.0,0.2373581847649919
UFGA8201.MZA,a7133d0ca7db74136af183d5ed19d998902b11013273410cdd7cff95696279c3,2,3130.0,0.25364667747163694
UFGA8201.MZA,a7133d0ca7db74136af183d5ed19d998902b11013273410cdd7cff95696279c3,3,6850.0,0.5551053484602917
UFGA8201.MZA,a7133d0ca7db74136af183d5ed19d998902b11013273410cdd7cff95696279c3,4,11881.0,0.9628038897893031
UFGA8201.MZA,a7133d0ca7db74136af183d5ed19d998902b11013273410cdd7cff95696279c3,5,6375.0,0.516612641815235
UFGA8201.MZA,a7133d0ca7db74136af183d5ed19d998902b11013273410cdd7cff95696279c3,6,9344.0,0.7572123176661264
